INSERT INTO caballo (registro,nombre,fecha_nacimiento,genero,tipo,entrenado_por,en_carrera,propiedad_de) VALUES
 ('KKWWG35207IAEQW','Macon','2016-11-04 22:13:21','M','Pura Sangre',null,null,null),
 ('IWLGN86414CCWDY','Jescie','2018-08-26 18:43:42','F','Pura Sangre',null,null,null),
 ('GBUTT23348ZVODW','Jolie','2017-11-20 05:09:50','M','Pura Sangre',null,null,null),
 ('CBLYP12608WISCG','Alec','2017-12-04 17:01:08','M','Quarter',null,null,null),
 ('LGYMW12394NPKFN','Abra','2016-10-16 03:06:01','F','Appaloosa',null,null,null),
 ('HFKMI04116XIIML','Willow','2017-04-02 10:46:12','M','Quarter',null,null,null),
 ('ZMQMZ18279OGGRY','Phillip','2016-12-16 19:14:32','F','Appaloosa',null,null,null),
 ('LDRLH83521TLLVS','Chancellor','2019-04-16 21:27:40','M','Quarter',null,null,null),
 ('GLHMD71048KWPTV','Leila','2018-07-01 08:09:05','F','Quarter',null,null,null),
 ('BUZVR82315TQZDI','Bernard','2017-04-27 20:05:07','F','Pura Sangre',null,null,null),
 ('QDIIC38771HCBEK','Eric','2018-09-13 14:21:21','F','Appaloosa',null,null,null),
 ('MZORB55836JWKYV','Cassidy','2016-07-11 14:30:30','M','Appaloosa',null,null,null),
 ('YJJHY92050STGAG','Giacomo','2016-04-05 10:17:44','M','Árabe',null,null,null),
 ('NGXDK36067WFGPJ','Alec','2016-12-07 22:21:10','F','Appaloosa',null,null,null),
 ('OAXJQ67190LULAG','Dexter','2017-09-30 02:07:03','F','Quarter',null,null,null),
 ('DZFOS56466PBLBQ','Darius','2016-05-08 18:31:14','F','Árabe',null,null,null),
 ('KHMRO56162EOTTC','Sacha','2019-10-03 15:28:42','M','Árabe',null,null,null),
 ('RJRPB57249OAUZM','Igor','2016-04-14 19:35:26','F','Appaloosa',null,null,null),
 ('STJMX59806LTHMC','Brynne','2018-06-01 23:24:23','F','Árabe',null,null,null),
 ('UEQHO62604AQWYM','Stella','2017-01-30 23:20:42','M','Pura Sangre',null,null,null),
 ('ZCSCS96153DOIUY','Nash','2018-04-14 07:56:51','M','Quarter',null,null,null);


 INSERT INTO entrenador (rfc,nombre,sexo,direccion,telefono,anios_experiencia,tecnica_entrena,salario,entrena) VALUES
('JIG906887HUL','Dorian Mcgowan','M','2332 Nulla. Avenue','330-892-5757',24,'carreras planas',5675,'KKWWG35207IAEQW'),
('TCC964993QQK','Stone Atkins','M','9627 Tempor, St.','304-893-2778',7,'carreras de campo',17542,'IWLGN86414CCWDY'),
('WZH014239ZLX','Laith Gonzales','M','Ap #720-3823 Sit Rd.','933-162-2931',1,'carreras planas',17235,'GBUTT23348ZVODW'),
('MET701240ZRK','Chanda Estrada','F','Ap #896-8142 Libero. Rd.','750-764-1957',7,'carreras planas',16258,'CBLYP12608WISCG'),
('TTN676961PEF','Heather Wise','M','Ap #243-7673 Ultrices Rd.','330-569-4323',24,'tiro',28785,'LGYMW12394NPKFN'),
('CXC221105FNT','Dale Tyson','M','186-5878 In St.','926-479-6780',7,'carreras de campo',22550,'HFKMI04116XIIML'),
('UAZ583264HIT','Quincy Mendoza','M','Ap #199-6832 Nascetur Avenue','867-165-3361',8,'carreras planas',13487,'ZMQMZ18279OGGRY'),
('WOH808818WEK','Jonas Melton','M','P.O. Box 815, 8365 Ullamcorper. Av.','626-752-0437',22,'salto',28077,'LDRLH83521TLLVS'),
('GTO981983IKF','Mercedes Bender','M','1487 Sit St.','302-453-4504',1,'tiro',5918,'GLHMD71048KWPTV'),
('UZV838041PQC','Thomas Schneider','M','Ap #736-7084 Dictum St.','103-793-7853',3,'carreras planas',37793,'BUZVR82315TQZDI'),
('JYD717528ENZ','Troy Buckner','M','Ap #374-1885 Ornare. Street','341-263-9675',21,'carreras planas',21034,'QDIIC38771HCBEK'),
('PZK869019PXB','Destiny Glass','M','232-4268 Vivamus Avenue','568-351-3286',6,'tiro',20701,'MZORB55836JWKYV'),
('HQV335556IPZ','Gloria Allison','F','307 Nonummy Ave','494-922-8528',9,'tiro',37069,'YJJHY92050STGAG'),
('SJS064082WZO','Medge Schneider','M','5232 Arcu. Rd.','195-633-3949',15,'carreras planas',20669,'NGXDK36067WFGPJ'),
('UUE683017BSK','Carl Mathis','M','3410 Magna. St.','533-475-7694',20,'tiro',18511,'OAXJQ67190LULAG'),
('BAU248673GVB','Reuben Stone','F','P.O. Box 363, 2193 Eu, Rd.','472-171-7777',2,'carreras planas',20621,'DZFOS56466PBLBQ'),
('CKB346383KVB','Dustin Gaines','M','Ap #770-5546 Consectetuer Avenue','695-377-1367',13,'carreras de campo',16719,'KHMRO56162EOTTC'),
('FVV045876GHX','Marshall Guerrero','F','8122 Egestas. Street','590-586-7452',9,'tiro',27843,'RJRPB57249OAUZM'),
('HQH199967SHZ','Deborah Kinney','F','6051 Mi, Street','934-231-8648',20,'tiro',31833,'STJMX59806LTHMC'),
('FVA231269ETD','Nomlanga Spears','M','Ap #197-7288 Amet Av.','175-895-2021',5,'carreras de campo',28658,'UEQHO62604AQWYM'),
('IPF952599PEW','Aurora Yates','M','P.O. Box 909, 8821 Hymenaeos. St.','785-635-2026',19,'carreras de campo',30719,'UEQHO62604AQWYM'),
('OFQ130523OHB','Cassandra Maldonado','M','P.O. Box 848, 8913 Aliquam Street','615-105-1778',10,'salto',33172,'ZCSCS96153DOIUY');


INSERT INTO duenio (rfc,nombre,sexo,direccion,telefono,ganancias,es_duenio) VALUES
('NOL545762IJC','Jack Webb','M','3956 Aliquam Av.','577-695-5398',40476,null),
('RCQ037380DFI','Ila Suarez','M','688-6184 Mollis Street','706-442-4860',42397,null),
('JJV224491STD','Murphy Griffith','F','Ap #281-691 Mi Avenue','840-713-9011',30515,null),
('PSP250693NLL','Grant Graves','F','Ap #934-2570 Sociis Road','662-616-6491',13047,null),
('QVZ807908MNM','Joshua Webb','F','4239 Lorem, Rd.','938-831-0799',43057,null),
('LXB547808QWM','Petra Marsh','F','P.O. Box 871, 4344 Donec Street','832-338-4380',43342,null),
('WHY482297VVM','Cynthia Rodriguez','F','555-6787 Consequat, Road','662-721-5277',39442,null),
('OXI101139FLT','Carla Bond','M','2209 Facilisis. Rd.','265-186-6316',36306,null),
('MSJ755721SLO','Ori Summers','M','5083 Ut St.','789-399-5083',17554,null),
('HTW825748HQG','Autumn Nieves','F','664-9814 Mauris, Street','478-393-4057',28502,null),
('YQC599032DRM','Levi Gould','M','4136 Pretium Av.','440-650-3910',34268,null),
('GAQ782128FJS','Selma Williams','F','534-7095 At Ave','100-369-7468',22909,null),
('WFP934885CNA','Emmanuel Anthony','M','621-1174 Ad St.','345-729-3238',26174,null),
('YHE334764MJB','Ori Whitehead','M','991-2080 Risus St.','834-419-3817',42217,null),
('DTW236490GFI','Nathan Blake','M','Ap #334-4553 Nulla Ave','126-544-8267',21961,null),
('JGI530252IWA','Griffin Finley','F','P.O. Box 959, 3166 Fringilla Rd.','749-428-0720',33723,null);


INSERT INTO propiedad (porcentaje,cantidad,registroCaballo,rfcDuenio) VALUES
(67,178045,'KKWWG35207IAEQW','NOL545762IJC'),
(78,194972,'IWLGN86414CCWDY','RCQ037380DFI'),
(77,191687,'GBUTT23348ZVODW','JJV224491STD'),
(47,131693,'CBLYP12608WISCG','PSP250693NLL'),
(58,107505,'LGYMW12394NPKFN','QVZ807908MNM'),
(54,96158,'HFKMI04116XIIML','LXB547808QWM'),
(44,197889,'ZMQMZ18279OGGRY','WHY482297VVM'),
(57,105487,'LDRLH83521TLLVS','OXI101139FLT'),
(10,127244,'GLHMD71048KWPTV','MSJ755721SLO'),
(7,68575,'BUZVR82315TQZDI','HTW825748HQG'),
(86,126171,'QDIIC38771HCBEK','YQC599032DRM'),
(66,105097,'MZORB55836JWKYV','GAQ782128FJS'),
(17,190783,'YJJHY92050STGAG','WFP934885CNA'),
(99,97516,'NGXDK36067WFGPJ','YHE334764MJB'),
(69,152124,'OAXJQ67190LULAG','DTW236490GFI'),
(3,111456,'DZFOS56466PBLBQ','JGI530252IWA'),
(54,195333,'KHMRO56162EOTTC','NOL545762IJC'),
(62,83012,'RJRPB57249OAUZM','RCQ037380DFI'),
(22,145540,'STJMX59806LTHMC','JJV224491STD'),
(25,158917,'UEQHO62604AQWYM','PSP250693NLL'),
(9,195811,'ZCSCS96153DOIUY','QVZ807908MNM');

--trigger duenio (es_duenio)--
--trigger caballo (propiedad_de)--


INSERT INTO jockey (rfc,nombre,sexo,direccion,telefono,estatura,peso,edad,salario,arranques) VALUES
('BHF970935GLS','Lester Burnett','M','331-7732 Id Rd.','901-355-0814',168,45,17,13162,null),
('XCM307574AXA','Brock Trevino','F','Ap #716-7260 Nunc Rd.','639-223-2782',154,45,17,12638,null),
('FYF220219LJP','Odysseus Estes','M','P.O. Box 614, 6263 Pretium Ave','974-330-9903',146,47,21,10512,null),
('LYB973353YTG','Colorado Kane','M','228 Ligula Avenue','542-277-7569',156,42,17,8555,null),
('END161335LZU','Octavia Douglas','F','Ap #631-1935 Lectus Av.','172-457-7899',157,52,18,9015,null),
('RRD171188KXP','Caleb Hines','M','Ap #738-8783 Nullam Ave','248-330-6119',159,49,21,8034,null),
('GFT663757IJF','Raven Hoover','F','3921 Nec Rd.','902-886-2775',156,54,24,6811,null),
('DJC792800RYX','Sade Stanley','M','6176 Libero. Rd.','589-737-9868',145,40,18,11418,null),
('HCO298550XGY','Brooke Russo','F','Ap #760-2053 Amet St.','302-234-9346',158,54,21,8368,null),
('LJU264563NMJ','Ocean Martin','F','457 Nibh St.','389-252-1418',168,51,21,5813,null),
('QRM707116IHM','Walter Henry','M','863-1065 Proin St.','840-701-7472',163,41,20,5299,null),
('JOI503079ZBI','Giselle Goodman','M','P.O. Box 857, 7237 Lobortis, Ave','469-224-1118',157,60,20,6292,null),
('DTF885269UFC','Diana Jordan','M','8245 Sem. St.','791-506-2540',157,60,22,10171,null),
('DCQ575800QFA','Katelyn Bean','F','5329 Nec St.','190-952-7573',167,57,17,5218,null),
('SQA385369EKN','Ulla Conner','M','8744 Cras Avenue','418-108-0172',145,55,24,13391,null);

INSERT INTO carrera (num_carrera,bolsa_premio,fecha,tipo_carrera,posiciones) VALUES
(65,42685,'2018-10-09 03:52:14','2km pista',null),
(58,31861,'2020-11-13 23:23:09','a campo traviesa',null),
(87,39735,'2016-04-08 01:54:17','a campo traviesa',null),
(96,30475,'2019-12-03 19:37:47','a campo traviesa',null),
(86,41334,'2018-10-13 18:09:21','a campo traviesa',null),
(3,21024,'2015-12-22 16:51:34','2km pista',null),
(38,22997,'2016-01-18 06:48:11','tiro-de-carro',null),
(49,41518,'2016-03-01 02:08:20','carrera con obstáculos',null),
(20,23797,'2020-10-29 05:02:07','400m pista',null),
(26,33735,'2017-12-25 07:23:24','a campo traviesa',null),
(39,49646,'2019-06-09 15:11:54','2km pista',null),
(13,41496,'2016-10-05 09:40:11','400m pista',null),
(95,27762,'2017-05-29 00:50:02','400m pista',null),
(37,27710,'2016-04-09 01:04:43','carrera con obstáculos',null),
(80,41211,'2016-08-06 12:23:53','400m pista',null),
(79,21938,'2020-09-07 10:52:24','a campo traviesa',null),
(32,28706,'2020-03-28 06:27:27','2km pista',null),
(92,48691,'2019-10-27 01:04:26','tiro-de-carro',null),
(69,20944,'2020-09-30 16:43:33','carrera con obstáculos',null),
(88,26609,'2020-08-31 21:36:27','a campo traviesa',null),
(89,22909,'2015-12-01 10:28:05','400m pista',null),
(34,44818,'2019-10-03 00:08:03','2km pista',null),
(90,24770,'2017-09-10 06:55:29','tiro-de-carro',null),
(54,40688,'2017-10-22 13:43:41','2km pista',null),
(4,37701,'2017-02-02 20:11:26','2km pista',null),
(56,37378,'2016-09-12 11:56:12','carrera con obstáculos',null),
(52,33983,'2018-03-13 00:40:39','carrera con obstáculos',null),
(79,22061,'2016-08-13 23:04:00','400m pista',null),
(31,36328,'2016-11-29 15:10:53','tiro-de-carro',null),
(34,35145,'2015-12-17 06:43:19','tiro-de-carro',null),
(35,29799,'2020-10-31 10:06:30','a campo traviesa',null);


INSERT INTO arranque (en_carrera,posicion_inicio,posicion_final,color,un_caballo,un_jinete) VALUES
 (4,1,1,'rojo','BUZVR82315TQZDI','BHF970935GLS'),--
 (15,6,1,'naranja','GLHMD71048KWPTV','NNN117647HXG'),--
 (98,7,3,'azul','LDRLH83521TLLVS','FYF220219LJP'),
 (100,2,5,'cafe','ZMQMZ18279OGGRY','LYB973353YTG'),--
 (8,6,6,'verde','HFKMI04116XIIML','END161335LZU'),
 (21,1,2,'naranja','LGYMW12394NPKFN','RRD171188KXP'),--
 (48,1,6,'morado','CBLYP12608WISCG','GFT663757IJF'),
 (54,8,6,'cafe','GBUTT23348ZVODW','DJC792800RYX'),--
 (51,6,8,'naranja','IWLGN86414CCWDY','HCO298550XGY'),
 (76,1,8,'azul','KKWWG35207IAEQW','LJU264563NMJ'),--
 (65,5,5,'rojo','ZCSCS96153DOIUY','QRM707116IHM'),
 (5,1,6,'rojo','UEQHO62604AQWYM','JOI503079ZBI'),--
 (2,7,6,'morado','STJMX59806LTHMC','DTF885269UFC'),
 (49,5,4,'azul','RJRPB57249OAUZM','DCQ575800QFA'),--
 (30,1,1,'amarillo','KHMRO56162EOTTC','SQA385369EKN'),------------------
 (32,8,4,'cafe','DZFOS56466PBLBQ','BHF970935GLS'),
 (90,1,1,'cafe','OAXJQ67190LULAG','NNN117647HXG'),--
 (18,1,5,'amarillo','NGXDK36067WFGPJ','FYF220219LJP'),
 (13,5,5,'rojo','YJJHY92050STGAG','LYB973353YTG'),
 (25,1,3,'rojo','MZORB55836JWKYV','END161335LZU'),--
 (35,6,3,'negro','QDIIC38771HCBEK','RRD171188KXP'),
 (99,1,2,'azul','BUZVR82315TQZDI','GFT663757IJF'),---
 (92,6,3,'morado','GLHMD71048KWPTV','DJC792800RYX'),
 (50,6,4,'amarillo','LDRLH83521TLLVS','HCO298550XGY'),
 (12,1,1,'rojo','ZMQMZ18279OGGRY','LJU264563NMJ'),
 (89,5,3,'naranja','HFKMI04116XIIML','QRM707116IHM'),
 (93,6,6,'azul','LGYMW12394NPKFN','JOI503079ZBI'),
 (27,1,6,'verde','CBLYP12608WISCG','DTF885269UFC'),
 (87,4,2,'naranja','GBUTT23348ZVODW','DCQ575800QFA'),
 (22,7,2,'verde','IWLGN86414CCWDY','SQA385369EKN'),-----------------------
 (72,8,8,'azul','KKWWG35207IAEQW','BHF970935GLS'),
 (53,6,4,'cafe','ZCSCS96153DOIUY','NNN117647HXG'),
 (54,2,2,'morado','UEQHO62604AQWYM','FYF220219LJP'),
 (57,1,7,'naranja','STJMX59806LTHMC','LYB973353YTG'),
 (43,7,8,'rojo','RJRPB57249OAUZM','END161335LZU'),
 (6,7,7,'morado','KHMRO56162EOTTC','RRD171188KXP'),
 (47,2,5,'morado','DZFOS56466PBLBQ','GFT663757IJF'),
 (46,8,1,'morado','OAXJQ67190LULAG','DJC792800RYX'),
 (63,2,4,'negro','NGXDK36067WFGPJ','HCO298550XGY'),
 (34,2,7,'amarillo','YJJHY92050STGAG','LJU264563NMJ'),
 (99,2,4,'morado','MZORB55836JWKYV','QRM707116IHM'),
 (33,2,7,'rojo','QDIIC38771HCBEK','QRM707116IHM'),
 (27,3,1,'morado','BUZVR82315TQZDI','JOI503079ZBI'),
 (78,6,6,'cafe','GLHMD71048KWPTV','DTF885269UFC'),
 (3,6,7,'cafe','LDRLH83521TLLVS','DCQ575800QFA'),
 (63,4,3,'naranja','ZMQMZ18279OGGRY','SQA385369EKN'),---------
 (96,6,2,'amarillo','HFKMI04116XIIML','BHF970935GLS'),
 (93,8,4,'negro','LGYMW12394NPKFN','NNN117647HXG'),
 (60,7,8,'naranja','CBLYP12608WISCG','END161335LZU'),
 (93,8,1,'morado','GBUTT23348ZVODW','FYF220219LJP'),
 (21,7,1,'naranja','IWLGN86414CCWDY','LJU264563NMJ'),
 (53,5,3,'morado','KKWWG35207IAEQW','GFT663757IJF');

--trigger jockey (es_duenio)--
--trigger caballo (propiedad_de)--
--trigger carrera (es_duenio)--

