INSERT INTO caballo (registro,nombre,fecha_nacimiento,genero,tipo,entrenado_por,en_carrera,propiedad_de) VALUES
 ('KKWWG35207IAEQW','Macon','2016-11-04 22:13:21','M','Pura Sangre',null,'{}','{}'),
 ('IWLGN86414CCWDY','Jescie','2018-08-26 18:43:42','F','Pura Sangre',null,'{}','{}'),
 ('GBUTT23348ZVODW','Jolie','2017-11-20 05:09:50','M','Pura Sangre',null,'{}','{}'),
 ('CBLYP12608WISCG','Alec','2017-12-04 17:01:08','M','Quarter',null,'{}','{}'),
 ('LGYMW12394NPKFN','Abra','2016-10-16 03:06:01','F','Appaloosa',null,'{}','{}'),
 ('HFKMI04116XIIML','Willow','2017-04-02 10:46:12','M','Quarter',null,'{}','{}'),
 ('ZMQMZ18279OGGRY','Phillip','2016-12-16 19:14:32','F','Appaloosa',null,'{}','{}'),
 ('LDRLH83521TLLVS','Chancellor','2019-04-16 21:27:40','M','Quarter',null,'{}','{}'),
 ('GLHMD71048KWPTV','Leila','2018-07-01 08:09:05','F','Quarter',null,'{}','{}'),
 ('BUZVR82315TQZDI','Bernard','2017-04-27 20:05:07','F','Pura Sangre',null,'{}','{}'),
 ('QDIIC38771HCBEK','Eric','2018-09-13 14:21:21','F','Appaloosa',null,'{}','{}'),
 ('MZORB55836JWKYV','Cassidy','2016-07-11 14:30:30','M','Appaloosa',null,'{}','{}'),
 ('YJJHY92050STGAG','Giacomo','2016-04-05 10:17:44','M','Árabe',null,'{}','{}'),
 ('NGXDK36067WFGPJ','Alec','2016-12-07 22:21:10','F','Appaloosa',null,'{}','{}'),
 ('OAXJQ67190LULAG','Dexter','2017-09-30 02:07:03','F','Quarter',null,'{}','{}'),
 ('DZFOS56466PBLBQ','Darius','2016-05-08 18:31:14','F','Árabe',null,'{}','{}'),
 ('KHMRO56162EOTTC','Sacha','2019-10-03 15:28:42','M','Árabe',null,'{}','{}'),
 ('RJRPB57249OAUZM','Igor','2016-04-14 19:35:26','F','Appaloosa',null,'{}','{}'),
 ('STJMX59806LTHMC','Brynne','2018-06-01 23:24:23','F','Árabe',null,'{}','{}'),
 ('UEQHO62604AQWYM','Stella','2017-01-30 23:20:42','M','Pura Sangre',null,'{}','{}'),
 ('ZCSCS96153DOIUY','Nash','2018-04-14 07:56:51','M','Quarter',null,'{}','{}');


INSERT INTO entrenador (rfc,nombre,sexo,direccion,telefono,anios_experiencia,tecnica_entrena,salario,entrena) VALUES
('JIG906887HUL','Dorian Mcgowan','M','2332 Nulla. Avenue','330-892-5757',24,'{carreras planas}',5675,'{}'),
('TCC964993QQK','Stone Atkins','M','9627 Tempor, St.','304-893-2778',7,'{carreras de campo}',17542,'{}'),
('WZH014239ZLX','Laith Gonzales','M','Ap #720-3823 Sit Rd.','933-162-2931',1,'{carreras planas}',17235,'{}'),
('MET701240ZRK','Chanda Estrada','F','Ap #896-8142 Libero. Rd.','750-764-1957',7,'{carreras planas}',16258,'{}'),
('TTN676961PEF','Heather Wise','M','Ap #243-7673 Ultrices Rd.','330-569-4323',24,'{tiro}',28785,'{}'),
('CXC221105FNT','Dale Tyson','M','186-5878 In St.','926-479-6780',7,'{carreras de campo}',22550,'{}'),
('UAZ583264HIT','Quincy Mendoza','M','Ap #199-6832 Nascetur Avenue','867-165-3361',8,'{carreras planas}',13487,'{}'),
('WOH808818WEK','Jonas Melton','M','P.O. Box 815, 8365 Ullamcorper. Av.','626-752-0437',22,'{salto}',28077,'{}'),
('GTO981983IKF','Mercedes Bender','M','1487 Sit St.','302-453-4504',1,'{tiro}',5918,'{}'),
('UZV838041PQC','Thomas Schneider','M','Ap #736-7084 Dictum St.','103-793-7853',3,'{carreras planas}',37793,'{}'),
('JYD717528ENZ','Troy Buckner','M','Ap #374-1885 Ornare. Street','341-263-9675',21,'{carreras planas}',21034,'{}'),
('PZK869019PXB','Destiny Glass','M','232-4268 Vivamus Avenue','568-351-3286',6,'{tiro}',20701,'{}'),
('HQV335556IPZ','Gloria Allison','F','307 Nonummy Ave','494-922-8528',9,'{tiro}',37069,'{}'),
('SJS064082WZO','Medge Schneider','M','5232 Arcu. Rd.','195-633-3949',15,'{carreras planas}',20669,'{}'),
('UUE683017BSK','Carl Mathis','M','3410 Magna. St.','533-475-7694',20,'{tiro}',18511,'{}'),
('BAU248673GVB','Reuben Stone','F','P.O. Box 363, 2193 Eu, Rd.','472-171-7777',2,'{carreras planas}',20621,'{}'),
('CKB346383KVB','Dustin Gaines','M','Ap #770-5546 Consectetuer Avenue','695-377-1367',13,'{carreras de campo}',16719,'{}'),
('FVV045876GHX','Marshall Guerrero','F','8122 Egestas. Street','590-586-7452',9,'{tiro}',27843,'{}'),
('HQH199967SHZ','Deborah Kinney','F','6051 Mi, Street','934-231-8648',20,'{tiro}',31833,'{}'),
('FVA231269ETD','Nomlanga Spears','M','Ap #197-7288 Amet Av.','175-895-2021',5,'{carreras de campo}',28658,'{}'),
('IPF952599PEW','Aurora Yates','M','P.O. Box 909, 8821 Hymenaeos. St.','785-635-2026',19,'{carreras de campo}',30719,'{}'),
('OFQ130523OHB','Cassandra Maldonado','M','P.O. Box 848, 8913 Aliquam Street','615-105-1778',10,'{salto}',33172,'{}');


INSERT INTO duenio (rfc,nombre,sexo,direccion,telefono,ganancias,es_duenio) VALUES
('NOL545762IJC','Jack Webb','M','3956 Aliquam Av.','577-695-5398',40476,'{}'),
('RCQ037380DFI','Ila Suarez','M','688-6184 Mollis Street','706-442-4860',42397,'{}'),
('JJV224491STD','Murphy Griffith','F','Ap #281-691 Mi Avenue','840-713-9011',30515,'{}'),
('PSP250693NLL','Grant Graves','F','Ap #934-2570 Sociis Road','662-616-6491',13047,'{}'),
('QVZ807908MNM','Joshua Webb','F','4239 Lorem, Rd.','938-831-0799',43057,'{}'),
('LXB547808QWM','Petra Marsh','F','P.O. Box 871, 4344 Donec Street','832-338-4380',43342,'{}'),
('WHY482297VVM','Cynthia Rodriguez','F','555-6787 Consequat, Road','662-721-5277',39442,'{}'),
('OXI101139FLT','Carla Bond','M','2209 Facilisis. Rd.','265-186-6316',36306,'{}'),
('MSJ755721SLO','Ori Summers','M','5083 Ut St.','789-399-5083',17554,'{}'),
('HTW825748HQG','Autumn Nieves','F','664-9814 Mauris, Street','478-393-4057',28502,'{}'),
('YQC599032DRM','Levi Gould','M','4136 Pretium Av.','440-650-3910',34268,'{}'),
('GAQ782128FJS','Selma Williams','F','534-7095 At Ave','100-369-7468',22909,'{}'),
('WFP934885CNA','Emmanuel Anthony','M','621-1174 Ad St.','345-729-3238',26174,'{}'),
('YHE334764MJB','Ori Whitehead','M','991-2080 Risus St.','834-419-3817',42217,'{}'),
('DTW236490GFI','Nathan Blake','M','Ap #334-4553 a Ave','126-544-8267',21961,'{}'),
('JGI530252IWA','Griffin Finley','F','P.O. Box 959, 3166 Fringilla Rd.','749-428-0720',33723,'{}');


INSERT INTO propiedad (porcentaje,cantidad,registroCaballo,rfcDuenio) VALUES
(67,178045,'KKWWG35207IAEQW','NOL545762IJC'),
(78,194972,'IWLGN86414CCWDY','RCQ037380DFI'),
(77,191687,'GBUTT23348ZVODW','JJV224491STD'),
(47,131693,'CBLYP12608WISCG','PSP250693NLL'),
(58,107505,'LGYMW12394NPKFN','QVZ807908MNM'),
(54,96158,'HFKMI04116XIIML','LXB547808QWM'),
(44,197889,'ZMQMZ18279OGGRY','WHY482297VVM'),
(57,105487,'LDRLH83521TLLVS','OXI101139FLT'),
(10,127244,'GLHMD71048KWPTV','MSJ755721SLO'),
(7,68575,'BUZVR82315TQZDI','HTW825748HQG'),
(86,126171,'QDIIC38771HCBEK','YQC599032DRM'),
(66,105097,'MZORB55836JWKYV','GAQ782128FJS'),
(17,190783,'YJJHY92050STGAG','WFP934885CNA'),
(99,97516,'NGXDK36067WFGPJ','YHE334764MJB'),
(69,152124,'OAXJQ67190LULAG','DTW236490GFI'),
(3,111456,'DZFOS56466PBLBQ','JGI530252IWA'),
(54,195333,'KHMRO56162EOTTC','NOL545762IJC'),
(62,83012,'RJRPB57249OAUZM','RCQ037380DFI'),
(22,145540,'STJMX59806LTHMC','JJV224491STD'),
(25,158917,'UEQHO62604AQWYM','PSP250693NLL'),
(9,195811,'ZCSCS96153DOIUY','QVZ807908MNM');

--trigger duenio (es_duenio)--
--trigger caballo (propiedad_de)--


INSERT INTO jockey (rfc,nombre,sexo,direccion,telefono,estatura,peso,edad,salario,arranques) VALUES
('BHF970935GLS','Lester Burnett','M','331-7732 Id Rd.','901-355-0814',168,45,17,13162,'{}'),
('XCM307574AXA','Brock Trevino','F','Ap #716-7260 Nunc Rd.','639-223-2782',154,45,17,12638,'{}'),
('FYF220219LJP','Odysseus Estes','M','P.O. Box 614, 6263 Pretium Ave','974-330-9903',146,47,21,10512,'{}'),
('LYB973353YTG','Colorado Kane','M','228 Ligula Avenue','542-277-7569',156,42,17,8555,'{}'),
('END161335LZU','Octavia Douglas','F','Ap #631-1935 Lectus Av.','172-457-7899',157,52,18,9015,'{}'),
('RRD171188KXP','Caleb Hines','M','Ap #738-8783 am Ave','248-330-6119',159,49,21,8034,'{}'),
('GFT663757IJF','Raven Hoover','F','3921 Nec Rd.','902-886-2775',156,54,24,6811,'{}'),
('DJC792800RYX','Sade Stanley','M','6176 Libero. Rd.','589-737-9868',145,40,18,11418,'{}'),
('HCO298550XGY','Brooke Russo','F','Ap #760-2053 Amet St.','302-234-9346',158,54,21,8368,'{}'),
('LJU264563NMJ','Ocean Martin','F','457 Nibh St.','389-252-1418',168,51,21,5813,'{}'),
('QRM707116IHM','Walter Henry','M','863-1065 Proin St.','840-701-7472',163,41,20,5299,'{}'),
('JOI503079ZBI','Giselle Goodman','M','P.O. Box 857, 7237 Lobortis, Ave','469-224-1118',157,60,20,6292,'{}'),
('DTF885269UFC','Diana Jordan','M','8245 Sem. St.','791-506-2540',157,60,22,10171,'{}'),
('DCQ575800QFA','Katelyn Bean','F','5329 Nec St.','190-952-7573',167,57,17,5218,'{}'),
('SQA385369EKN','Ulla Conner','M','8744 Cras Avenue','418-108-0172',145,55,24,13391,'{}');


INSERT INTO carrera (num_carrera,bolsa_premio,fecha,tipo_carrera,posiciones) VALUES
(65,42685,'2018-10-09 03:52:14','2km pista','{}'),
(58,31861,'2020-11-13 23:23:09','a campo traviesa','{}'),
(87,39735,'2016-04-08 01:54:17','a campo traviesa','{}'),
(96,30475,'2019-12-03 19:37:47','a campo traviesa','{}'),
(86,41334,'2018-10-13 18:09:21','a campo traviesa','{}'),
(3,21024,'2015-12-22 16:51:34','2km pista','{}'),
(38,22997,'2016-01-18 06:48:11','tiro-de-carro','{}'),
(49,41518,'2016-03-01 02:08:20','carrera con obstáculos','{}'),
(20,23797,'2020-10-29 05:02:07','400m pista','{}'),
(26,33735,'2017-12-25 07:23:24','a campo traviesa','{}'),
(39,49646,'2019-06-09 15:11:54','2km pista','{}'),
(13,41496,'2016-10-05 09:40:11','400m pista','{}'),
(95,27762,'2017-05-29 00:50:02','400m pista','{}'),
(37,27710,'2016-04-09 01:04:43','carrera con obstáculos','{}'),
(80,41211,'2016-08-06 12:23:53','400m pista','{}'),
(79,21938,'2020-09-07 10:52:24','a campo traviesa','{}'),
(32,28706,'2020-03-28 06:27:27','2km pista','{}'),
(92,48691,'2019-10-27 01:04:26','tiro-de-carro','{}'),
(69,20944,'2020-09-30 16:43:33','carrera con obstáculos','{}'),
(88,26609,'2020-08-31 21:36:27','a campo traviesa','{}'),
(89,22909,'2015-12-01 10:28:05','400m pista','{}'),
(2,44818,'2019-10-03 00:08:03','2km pista','{}'),
(90,24770,'2017-09-10 06:55:29','tiro-de-carro','{}'),
(54,40688,'2017-10-22 13:43:41','2km pista','{}'),
(4,37701,'2017-02-02 20:11:26','2km pista','{}'),
(56,37378,'2016-09-12 11:56:12','carrera con obstáculos','{}'),
(52,33983,'2018-03-13 00:40:39','carrera con obstáculos','{}'),
(1,22061,'2016-08-13 23:04:00','400m pista','{}'),
(31,36328,'2016-11-29 15:10:53','tiro-de-carro','{}'),
(34,35145,'2015-12-17 06:43:19','tiro-de-carro','{}'),
(35,29799,'2020-10-31 10:06:30','a campo traviesa','{}');


INSERT INTO arranque (en_carrera,posicion_inicio,posicion_final,color,un_caballo,un_jinete) VALUES
 (65,1,1,'rojo','CBLYP12608WISCG','BHF970935GLS'),--
 (65,6,2,'naranja','KKWWG35207IAEQW','NNN117647HXG'),--
 (65,7,3,'azul','IWLGN86414CCWDY','FYF220219LJP'),
 (65,2,5,'cafe','GBUTT23348ZVODW','LYB973353YTG'),--
 (65,8,4,'verde','BUZVR82315TQZDI','END161335LZU'),
 (58,6,2,'naranja','LGYMW12394NPKFN','NNN117647HXG'),--
 (58,7,3,'azul','KKWWG35207IAEQW','FYF220219LJP'),
 (58,3,5,'cafe','IWLGN86414CCWDY','LYB973353YTG'),--
 (58,8,4,'verde','GBUTT23348ZVODW','END161335LZU'),
 (58,2,9,'rojo','NGXDK36067WFGPJ','BHF970935GLS'),--
 (38,6,2,'naranja','CBLYP12608WISCG','NNN117647HXG'),--
 (38,7,3,'azul','HFKMI04116XIIML','FYF220219LJP'),
 (38,3,5,'cafe','YJJHY92050STGAG','LYB973353YTG'),--
 (38,8,4,'verde','DZFOS56466PBLBQ','END161335LZU'),
 (38,1,1,'violeta','KHMRO56162EOTTC','BHF970935GLS');

--trigger jockey (es_duenio)--
--trigger caballo (propiedad_de)--
--trigger carrera ()--

